City_ID,City,Lat,Lng,Max Temp,Humidity,Cloudiness,Wind Speed,Country,Date
0,hobart,-42.8794,147.3294,10.7,69,75,7.72,AU,1678225033
1,karratha,-20.7377,116.8463,29.26,74,94,4.51,AU,1678225034
2,puerto escondido,15.85,-97.0667,29.0,63,100,3.56,MX,1678224862
3,rikitea,-23.1203,-134.9692,24.97,84,100,11.51,PF,1678225034
4,vallenar,-28.5708,-70.7581,25.26,50,4,3.35,CL,1678225035
5,sitka,57.0531,-135.33,4.94,36,20,0.0,US,1678225035
6,saint-philippe,-21.3585,55.7679,24.77,88,82,5.16,RE,1678225035
7,bredasdorp,-34.5322,20.0403,18.01,87,96,0.82,ZA,1678224884
8,aykhal,66.0,111.5,-22.1,99,100,3.04,RU,1678225036
9,carnarvon,-24.8667,113.6333,25.4,76,0,6.2,AU,1678225036
10,tumut,-35.3,148.2167,15.09,55,31,3.26,AU,1678225037
11,nikolskoye,59.7035,30.7861,-8.06,97,83,2.29,RU,1678224754
12,busselton,-33.65,115.3333,14.24,68,95,6.23,AU,1678225037
13,barrow,71.2906,-156.7887,-5.99,93,75,2.57,US,1678225037
14,orocue,4.7912,-71.3354,34.31,33,96,2.15,CO,1678225038
15,faya,18.3851,42.4509,16.06,59,80,1.36,SA,1678225038
16,mahibadhoo,3.7833,72.9667,27.45,77,6,6.43,MV,1678224865
17,punta arenas,-53.15,-70.9167,13.06,54,75,12.86,CL,1678225001
18,iracoubo,5.4802,-53.2011,25.12,83,100,4.67,GF,1678225039
19,saint-joseph,-21.3667,55.6167,24.21,85,77,5.12,RE,1678225039
20,victoria,22.2855,114.1577,19.62,88,1,2.68,HK,1678225032
21,qaanaaq,77.484,-69.3632,-13.51,92,62,2.2,GL,1678224895
22,tuktoyaktuk,69.4541,-133.0374,-26.0,76,20,7.2,CA,1678224863
23,chunskiy,56.0815,99.6342,-5.55,92,97,3.43,RU,1678225040
24,atasu,48.6814,71.6433,0.03,91,100,5.28,KZ,1678225040
25,port elizabeth,-33.918,25.5701,21.84,93,20,6.69,ZA,1678225041
26,cochrane,51.1834,-114.4687,-8.82,68,0,4.63,CA,1678225041
27,pevek,69.7008,170.3133,-33.4,95,10,0.57,RU,1678225041
28,quatre cocos,-20.2078,57.7625,25.06,83,84,5.97,MU,1678225010
29,riyadh,24.6877,46.7219,24.08,16,87,5.81,SA,1678224900
30,beoumi,7.6736,-5.5764,28.62,63,54,3.28,CI,1678225042
31,porbandar,21.6422,69.6093,23.77,59,0,3.5,IN,1678225042
32,gat,31.61,34.7642,14.67,77,98,2.26,IL,1678225042
33,yellowknife,62.456,-114.3525,-15.71,66,75,4.12,CA,1678224766
34,atuona,-9.8,-139.0333,26.45,76,52,3.84,PF,1678225043
35,prince rupert,54.3161,-130.3201,-0.95,55,100,8.23,CA,1678225043
36,norman wells,65.282,-126.8329,-18.98,65,0,5.14,CA,1678225044
37,pakxan,18.3778,103.6601,19.91,69,0,1.38,LA,1678225044
38,sao lourenco do oeste,-26.3592,-52.8511,21.03,72,10,1.76,BR,1678225044
39,butaritari,3.0707,172.7902,27.6,73,57,6.66,KI,1678225045
40,dikson,73.5069,80.5464,-37.88,99,44,2.8,RU,1678225045
41,patnagarh,20.7167,83.15,22.71,34,78,1.87,IN,1678225046
42,haines junction,60.7522,-137.5108,-2.03,46,100,3.6,CA,1678224837
43,susanville,40.4163,-120.653,2.17,66,75,6.17,US,1678225033
44,gidam,18.9833,81.4,19.21,44,31,1.08,IN,1678225046
45,hithadhoo,-0.6,73.0833,28.04,74,20,5.41,MV,1678225046
46,yumen,40.2833,97.2,6.26,33,85,5.92,CN,1678225047
47,bluff,-46.6,168.3333,17.05,81,10,1.98,NZ,1678224820
48,bengkulu,-3.8004,102.2655,23.52,87,23,1.72,ID,1678225047
49,albany,42.6001,-73.9662,-0.04,57,95,1.79,US,1678224855
50,bonavista,48.6499,-53.1147,1.13,95,100,8.47,CA,1678225048
51,saskylakh,71.9167,114.0833,-24.7,95,100,3.09,RU,1678224781
52,lebu,-37.6167,-73.65,17.2,84,99,5.54,CL,1678224751
53,longyearbyen,78.2186,15.6401,-13.09,61,75,5.14,SJ,1678225048
54,palmer,42.1584,-72.3287,2.78,52,75,8.75,US,1678225049
55,torbay,47.6666,-52.7314,1.99,95,100,9.26,CA,1678224961
56,esperance,-33.8667,121.9,17.37,68,100,1.9,AU,1678225049
57,cefalu,38.0386,14.0229,12.52,74,51,0.45,IT,1678225049
58,kuito,-12.3833,16.9333,16.44,93,100,1.87,AO,1678225050
59,ribeira grande,38.5167,-28.7,16.22,77,40,13.89,PT,1678225050
60,vostok,46.4856,135.8833,-4.59,97,100,2.13,RU,1678225051
61,port alfred,-33.5906,26.891,21.21,94,100,1.79,ZA,1678225051
62,arraial do cabo,-22.9661,-42.0278,25.98,78,40,8.75,BR,1678224845
63,lavrentiya,65.5833,-171.0,-13.68,94,100,2.37,RU,1678224900
64,havre-saint-pierre,50.2334,-63.5986,5.2,75,100,7.2,CA,1678225051
65,vardo,70.3705,31.1107,-14.01,78,61,8.23,NO,1678225052
66,sompeta,18.9333,84.6,24.24,54,100,2.6,IN,1678225052
67,sibolga,1.7427,98.7792,24.33,88,100,1.37,ID,1678225053
68,erenhot,43.6475,111.9767,0.61,47,42,3.94,CN,1678225053
69,iqaluit,63.7506,-68.5145,-8.15,92,0,0.0,CA,1678225054
70,ushuaia,-54.8,-68.3,10.81,58,75,3.09,AR,1678225054
71,mount isa,-20.7333,139.5,20.87,100,100,8.23,AU,1678225029
72,kapaa,22.0752,-159.319,26.73,54,0,9.26,US,1678224837
73,gitarama,-2.0744,29.7567,21.7,87,85,1.37,RW,1678225055
74,hermanus,-34.4187,19.2345,18.78,86,100,1.92,ZA,1678225055
75,cape town,-33.9258,18.4232,21.88,71,0,4.12,ZA,1678225056
76,narsaq,60.9167,-46.05,1.12,76,19,3.67,GL,1678225056
77,isangel,-19.55,169.2667,26.62,65,34,4.94,VU,1678225056
78,chokurdakh,70.6333,147.9167,-39.3,100,58,1.12,RU,1678225057
79,jamestown,42.097,-79.2353,2.77,51,0,10.29,US,1678225057
80,severo-kurilsk,50.6789,156.125,0.62,93,97,3.83,RU,1678225057
81,pizarro,4.9533,-77.366,25.3,87,100,1.11,CO,1678225058
82,makakilo city,21.3469,-158.0858,23.89,64,100,6.69,US,1678225058
83,coracao de jesus,-16.6853,-44.365,22.47,75,99,1.86,BR,1678225058
84,beringovskiy,63.05,179.3167,-21.98,85,7,1.03,RU,1678225059
85,avarua,-21.2078,-159.775,31.03,74,40,6.17,CK,1678225059
86,idritsa,56.3316,28.8988,-3.77,87,100,5.98,RU,1678225060
87,ixtapa,20.7,-105.2,29.65,32,74,3.36,MX,1678225060
88,cabo san lucas,22.8909,-109.9124,27.01,54,97,5.15,MX,1678224834
89,nemuro,43.3236,145.575,0.43,91,25,4.04,JP,1678225060
90,lenggries,47.6833,11.5667,3.34,94,100,1.12,DE,1678225061
91,vaini,-21.2,-175.2,27.09,61,20,4.12,TO,1678225061
92,tiksi,71.6872,128.8694,-25.25,96,100,2.65,RU,1678224901
93,touros,-5.1989,-35.4608,26.97,79,97,7.07,BR,1678224769
94,srednekolymsk,67.45,153.6833,-32.59,93,96,2.7,RU,1678225062
95,inongo,-1.95,18.2667,22.78,85,100,3.33,CD,1678225062
96,pandan,14.0453,124.1694,24.19,80,96,5.67,PH,1678225062
97,nanortalik,60.1432,-45.2371,-1.14,84,43,2.27,GL,1678224914
98,bucksport,44.5737,-68.7956,2.6,66,100,1.34,US,1678225063
99,fortuna,40.5982,-124.1573,7.18,95,75,4.63,US,1678225049
100,mugur-aksy,50.35,90.5,-7.31,76,100,4.03,RU,1678225063
101,urucara,-2.5364,-57.76,23.31,99,100,0.8,BR,1678225064
102,mount gambier,-37.8333,140.7667,12.11,58,100,4.15,AU,1678224901
103,vao,-22.6667,167.4833,25.0,59,58,5.44,NC,1678225064
104,bandarbeyla,9.4942,50.8122,24.72,76,57,4.34,SO,1678224810
105,khatanga,71.9667,102.5,-37.42,100,96,1.95,RU,1678225065
106,berlevag,70.8578,29.0864,-7.0,79,75,9.77,NO,1678224903
107,pithoragarh,29.5833,80.2167,9.48,41,100,1.44,IN,1678225065
108,flin flon,54.7682,-101.865,-13.09,43,0,2.06,CA,1678225066
109,kavaratti,10.5669,72.642,27.14,66,17,1.38,IN,1678225066
110,san policarpo,12.1791,125.5072,25.2,84,27,6.03,PH,1678224772
111,kieta,-6.2167,155.6333,26.3,81,100,0.62,PG,1678225066
112,dingle,10.9995,122.6711,22.35,95,1,3.1,PH,1678225067
113,vila velha,-20.3297,-40.2925,26.97,87,40,3.09,BR,1678225067
114,hilo,19.7297,-155.09,27.38,81,75,4.63,US,1678225068
115,carutapera,-1.195,-46.02,24.65,93,98,3.75,BR,1678225068
116,jieshi,22.8134,115.8257,17.04,87,11,2.91,CN,1678225068
117,airai,-8.9266,125.4092,15.29,88,100,0.67,TL,1678225069
118,leningradskiy,69.3833,178.4167,-30.66,95,62,1.21,RU,1678225069
119,santa rosa de viterbo,-21.4728,-47.3631,21.52,88,97,0.62,BR,1678225069
120,cidreira,-30.1811,-50.2056,24.14,87,18,2.59,BR,1678224790
121,chuy,-33.6971,-53.4616,23.87,85,20,2.53,UY,1678224833
122,tasiilaq,65.6145,-37.6368,-7.91,84,66,1.82,GL,1678224959
123,chanika,-5.4167,38.0167,20.24,91,45,1.05,TZ,1678225070
124,middelkerke,51.1558,2.8418,2.83,97,75,3.09,BE,1678225070
125,deputatskiy,69.3,139.9,-33.97,100,94,1.09,RU,1678225009
126,grindavik,63.8424,-22.4338,-6.03,58,20,12.35,IS,1678224829
127,nioro,13.35,-15.75,31.4,16,80,1.8,GM,1678225071
128,umm lajj,25.0213,37.2685,23.29,63,100,3.32,SA,1678225071
129,luderitz,-26.6481,15.1594,16.11,89,0,3.83,NA,1678225066
130,nyurba,63.2842,118.3319,-28.34,97,74,2.13,RU,1678225072
131,avera,33.194,-82.5271,28.03,41,0,3.37,US,1678225072
132,krasnogorskoye,52.2953,86.1979,3.96,94,100,4.67,RU,1678225074
133,tarko-sale,64.9225,77.785,-29.34,99,32,5.11,RU,1678225074
134,kropotkin,45.4375,40.5756,4.35,73,20,4.04,RU,1678225074
135,lompoc,34.6391,-120.4579,17.61,66,20,7.2,US,1678225075
136,saint-augustin,51.226,-58.6502,2.2,96,100,8.99,CA,1678225075
137,irbil,36.1926,44.0106,9.9,53,0,1.54,IQ,1678225075
138,khasan,42.4308,130.6434,5.52,54,100,5.95,RU,1678225076
139,mataura,-46.1927,168.8643,21.39,56,23,1.86,NZ,1678225076
140,chauk,20.8833,94.8167,24.64,45,12,1.4,MM,1678225076
141,broken hill,-31.95,141.4333,15.33,59,0,3.76,AU,1678225077
142,mar del plata,-38.0023,-57.5575,25.01,77,40,4.63,AR,1678224947
143,georgetown,5.4112,100.3354,26.96,78,20,3.09,MY,1678225034
144,clyde river,70.4692,-68.5914,-9.87,79,75,10.29,CA,1678225077
145,nanchong,30.7951,106.0847,13.91,91,100,1.01,CN,1678225078
146,ponta do sol,32.6667,-17.1,19.84,82,98,2.35,PT,1678225078
147,fria,10.4167,-13.5833,24.01,70,93,0.88,GN,1678225078
148,santa rosalia,27.3167,-112.2833,19.89,38,95,1.62,MX,1678225079
149,yessentuki,44.0444,42.8606,1.05,73,96,1.73,RU,1678225079
150,puerto ayora,-0.7393,-90.3518,28.98,91,100,4.02,EC,1678225079
151,castro,-24.7911,-50.0119,19.42,81,83,2.61,BR,1678224879
152,saint-francois,46.4154,3.9054,1.65,90,0,1.54,FR,1678225080
153,umba,66.6871,34.3429,-10.92,95,100,3.65,RU,1678225080
154,kodiak,57.79,-152.4072,2.73,70,0,2.06,US,1678225081
155,half moon bay,37.4636,-122.4286,14.33,58,0,5.14,US,1678225081
156,new norfolk,-42.7826,147.0587,10.51,72,86,2.68,AU,1678225082
157,ostrovnoy,68.0531,39.5131,-13.86,95,97,2.34,RU,1678225001
158,troitsko-pechorsk,62.7084,56.1964,-13.68,89,100,2.28,RU,1678225082
159,tual,-5.6667,132.75,28.07,78,88,7.33,ID,1678225082
160,kuusamo,65.9667,29.1833,-14.98,85,100,2.06,FI,1678225083
161,watertown,42.3709,-71.1828,2.75,61,100,8.05,US,1678225011
162,sangar,63.9242,127.4739,-35.71,100,99,0.34,RU,1678225083
163,abbeville,50.1,1.8333,4.71,99,100,2.67,FR,1678225084
164,keti bandar,24.1447,67.4497,23.53,74,0,2.54,PK,1678225084
165,fort nelson,58.8053,-122.7002,-12.25,56,100,1.34,CA,1678225085
166,faanui,-16.4833,-151.75,27.79,73,96,6.26,PF,1678225085
167,aras,42.5617,-2.356,11.53,81,20,0.51,ES,1678225085
168,hobyo,5.3505,48.5268,25.85,76,28,6.82,SO,1678225086
169,amapa,1.0,-52.0,22.39,98,95,1.11,BR,1678225086
170,wilmington,34.2257,-77.9447,27.95,20,0,10.8,US,1678224998
171,urozhaynoye,44.7883,44.9228,2.5,62,45,4.14,RU,1678225087
172,san isidro,-12.1167,-77.05,27.77,61,0,4.63,PE,1678225087
173,bubaque,11.2833,-15.8333,25.02,71,98,8.07,GW,1678225087
174,gourcy,13.2167,-2.35,28.5,9,100,4.99,BF,1678225088
175,xiaoshi,41.2971,124.1209,3.49,87,91,1.25,CN,1678225088
176,saint george,37.1041,-113.5841,14.97,33,0,2.06,US,1678225050
177,puerto carreno,6.189,-67.4859,35.99,36,40,2.06,CO,1678225089
178,spas,48.8899,24.0629,1.56,78,96,2.97,UA,1678225089
179,mineiros,-17.5694,-52.5511,22.75,86,30,0.87,BR,1678225090
180,houma,29.5958,-90.7195,28.9,72,44,2.24,US,1678224939
181,kruisfontein,-34.0033,24.7314,18.75,95,88,4.7,ZA,1678225090
182,porto novo,6.4965,2.6036,28.9,79,95,3.24,BJ,1678225091
183,sungaipenuh,-2.0833,101.3833,17.85,96,77,1.51,ID,1678225091
184,tayu,-6.5397,111.0518,24.0,89,95,1.7,ID,1678225091
185,gunjur,13.2019,-16.7339,27.04,44,0,3.09,GM,1678225092
186,sarwar,26.0667,75.0,20.58,39,55,2.52,IN,1678225092
187,arman,59.7,150.1667,-22.93,96,72,2.76,RU,1678225093
188,tambopata,-12.7333,-69.1833,31.94,51,20,3.09,PE,1678225093
189,merrill,45.1805,-89.6835,6.43,41,0,2.57,US,1678225093
190,marawi,7.9986,124.2928,19.86,97,75,0.69,PH,1678225094
191,barranca,-10.75,-77.7667,25.22,68,100,3.01,PE,1678225094
192,atbasar,51.8,68.3333,-4.45,88,97,8.38,KZ,1678225095
193,taltal,-25.4,-70.4833,22.66,69,99,2.64,CL,1678225095
194,lagoa,39.05,-27.9833,14.8,80,3,16.83,PT,1678225091
195,kavieng,-2.5744,150.7967,25.71,83,100,2.57,PG,1678225095
196,pemagatsel,27.0319,91.4266,9.53,72,3,1.99,BT,1678225096
197,thompson,55.7435,-97.8558,-13.91,56,20,2.57,CA,1678225096
198,reyes,-14.3167,-67.3833,30.61,61,63,2.57,BO,1678225097
199,campana,-34.1687,-58.9591,33.36,40,98,3.63,AR,1678225097
200,tuatapere,-46.1333,167.6833,19.69,69,6,1.74,NZ,1678225097
201,basco,20.4487,121.9702,22.08,65,72,6.51,PH,1678225098
202,rongcheng,30.634,117.8517,17.35,51,100,1.43,CN,1678225098
203,port blair,11.6667,92.75,27.02,78,40,1.54,IN,1678225099
204,armidale,-30.5167,151.65,21.19,58,70,5.69,AU,1678225100
205,meulaboh,4.1363,96.1285,24.7,86,85,1.1,ID,1678225100
206,margate,51.3813,1.3862,2.72,87,72,1.47,GB,1678225101
207,mao,39.8885,4.2658,13.31,88,20,4.63,ES,1678225102
208,bose,45.4612,8.0137,7.89,80,17,1.53,IT,1678225102
209,santa rosa,14.3122,121.1114,23.99,85,0,2.95,PH,1678225080
210,wenling,28.3669,121.36,13.04,79,83,2.34,CN,1678225103
211,achacachi,-16.05,-68.6833,11.84,73,99,5.03,BO,1678225103
212,te anau,-45.4167,167.7167,18.08,76,30,2.34,NZ,1678224930
213,bandhi,26.5861,68.3006,20.93,28,0,1.09,PK,1678225104
214,nantucket,41.2835,-70.0995,4.06,57,100,7.72,US,1678225104
215,san ignacio,17.1561,-89.0714,32.08,48,75,0.0,BZ,1678225105
216,san matias,-16.3667,-58.4,29.07,70,100,1.09,BO,1678225105
217,macusani,-14.0833,-70.4333,7.91,68,90,3.65,PE,1678225106
218,uniao,-4.5858,-42.8642,28.61,54,63,2.02,BR,1678225106
219,bethel,41.3712,-73.414,5.52,50,80,3.58,US,1678225107
220,new glasgow,45.5834,-62.6486,-0.12,93,98,4.29,CA,1678225108
221,planadas,3.197,-75.6451,26.24,85,100,1.16,CO,1678225108
222,ancud,-41.8697,-73.8203,14.94,66,75,2.48,CL,1678224854
223,nakhon thai,17.1006,100.8374,22.81,55,0,1.18,TH,1678225109
224,la ronge,55.1001,-105.2842,-11.86,40,20,6.17,CA,1678225109
225,namibe,-15.1961,12.1522,21.29,80,45,1.29,AO,1678225109
226,hambantota,6.1241,81.1185,24.19,100,0,2.57,LK,1678224870
227,venezuela,8.0,-66.0,35.21,27,83,4.04,VE,1678225034
228,klaksvik,62.2266,-6.589,-1.49,61,100,11.93,FO,1678225110
229,walvis bay,-22.9575,14.5053,16.72,75,0,5.43,NA,1678224832
230,tias,28.9611,-13.645,17.82,77,20,4.12,ES,1678225111
231,road town,18.4167,-64.6167,28.02,57,40,1.03,VG,1678225111
232,east london,-33.0153,27.9116,21.9,92,100,6.43,ZA,1678225111
233,aklavik,68.2191,-135.0107,-19.0,65,40,5.14,CA,1678225112
234,bindura,-17.3019,31.3306,18.91,94,55,1.24,ZW,1678225112
235,altay,47.8667,88.1167,-0.27,80,94,2.49,CN,1678225113
236,samarai,-10.6167,150.6667,27.61,78,18,2.61,PG,1678225113
237,marrakesh,31.6315,-8.0083,20.04,64,0,3.09,MA,1678224903
238,saint anthony,45.0205,-93.218,3.96,52,0,5.14,US,1678225113
239,ailigandi,9.2333,-78.0167,26.26,78,67,4.98,PA,1678225114
240,kutum,14.2,24.6667,23.56,14,35,6.88,SD,1678225114
241,sao jose da coroa grande,-8.8978,-35.1478,26.91,78,100,5.02,BR,1678225115
242,kidal,18.4411,1.4078,26.0,7,94,5.03,ML,1678225115
243,brazzaville,-4.2658,15.2832,24.83,83,100,0.25,CG,1678225116
244,sioux lookout,50.1001,-91.917,-3.96,39,40,2.57,CA,1678225116
245,pueblo nuevo,23.3833,-105.3833,23.96,16,88,3.55,MX,1678225117
246,dawlatabad,36.4141,64.9053,19.1,31,63,2.55,AF,1678225117
247,niono,14.2526,-5.993,27.62,7,77,4.11,ML,1678225118
248,kaitangata,-46.2817,169.8464,19.93,60,74,1.39,NZ,1678224880
249,belyy yar,53.6039,91.3903,-4.06,88,100,1.0,RU,1678225118
250,suibara,37.8333,139.2333,4.95,65,40,3.6,JP,1678225118
251,geraldton,-28.7667,114.6,22.23,83,0,4.12,AU,1678225119
252,port hardy,50.6996,-127.4199,6.1,81,75,5.66,CA,1678225119
253,tautira,-17.7333,-149.15,26.41,81,16,5.83,PF,1678224886
254,kichera,55.9375,110.0997,-8.38,96,100,0.77,RU,1678225120
255,alice springs,-23.7,133.8833,15.75,55,3,3.6,AU,1678225120
256,panacan,9.2463,118.4082,24.73,85,4,4.86,PH,1678225120
257,richards bay,-28.783,32.0377,21.78,92,2,1.67,ZA,1678225121
258,san jose,37.3394,-121.895,14.64,48,75,3.13,US,1678225067
259,nurota,40.5614,65.6886,19.32,28,100,8.86,UZ,1678225121
260,praia da vitoria,38.7333,-27.0667,15.14,88,75,14.47,PT,1678225122
261,souillac,-20.5167,57.5167,25.21,88,75,3.09,MU,1678225122
262,inhambane,-23.865,35.3833,24.09,81,14,6.05,MZ,1678225122
263,san ramon,37.7799,-121.978,13.56,57,40,3.09,US,1678224839
264,stephenville crossing,48.5,-58.4318,3.07,75,75,5.14,CA,1678225123
265,marquette,46.5333,-87.6335,0.69,71,47,2.26,US,1678225123
266,nyandoma,61.669,40.1991,-15.5,100,94,1.49,RU,1678225123
267,imbituba,-28.24,-48.6703,24.98,82,35,4.04,BR,1678225124
268,huainan,32.6264,116.9969,15.88,61,100,2.64,CN,1678225124
269,ziro,27.6333,93.8333,7.41,89,59,1.06,IN,1678225124
270,yar-sale,66.8333,70.8333,-22.82,95,98,6.51,RU,1678225125
271,suntar,62.1444,117.6319,-21.14,92,100,3.64,RU,1678225125
272,bambous virieux,-20.3428,57.7575,25.14,88,75,3.09,MU,1678225125
273,beitbridge,-22.2167,30.0,22.95,63,0,3.89,ZW,1678225126
274,urman,54.8831,56.8742,-5.52,96,100,3.29,RU,1678225126
275,ust-ishim,57.6935,71.1665,-6.52,97,100,1.53,RU,1678225127
276,yerbogachen,61.2767,108.0108,-6.5,95,100,3.73,RU,1678225127
277,aksarka,66.5606,67.7975,-32.49,90,24,0.76,RU,1678225127
278,pisco,-13.7,-76.2167,29.03,58,0,5.14,PE,1678224924
279,lerwick,60.1545,-1.1494,-2.0,62,65,6.07,GB,1678225128
280,cherskiy,68.75,161.3,-34.63,97,39,1.36,RU,1678225128
281,sisimiut,66.9395,-53.6735,-3.47,68,12,3.01,GL,1678225053
282,nabire,-3.3667,135.4833,23.99,83,52,1.53,ID,1678225129
283,kahului,20.8947,-156.47,27.76,64,40,11.83,US,1678224849
284,conceicao do araguaia,-8.2578,-49.2647,25.72,84,68,1.87,BR,1678225129
285,chihuahua,28.5,-106.0,26.22,6,73,5.7,MX,1678225052
286,itarema,-2.9248,-39.9167,26.65,79,8,5.91,BR,1678224935
287,chabahar,25.2919,60.643,24.07,66,0,2.91,IR,1678225130
288,chinhoyi,-17.3667,30.2,19.57,89,73,2.18,ZW,1678225130
289,kokopo,-4.352,152.2633,25.6,84,100,2.54,PG,1678225131
290,aswan,24.0934,32.907,21.61,21,0,3.09,EG,1678225131
291,sao domingos,-13.3983,-46.3183,20.93,93,100,0.55,BR,1678225131
292,tiarei,-17.5333,-149.3333,29.01,86,13,6.25,PF,1678225132
293,pudem,58.3044,52.1675,-7.15,95,99,3.83,RU,1678225132
294,upernavik,72.7868,-56.1549,-13.67,93,71,2.41,GL,1678225132
295,sabang,5.8933,95.3214,27.55,71,1,8.21,ID,1678225133
296,kaohsiung,22.6163,120.3133,18.35,73,20,0.51,TW,1678225133
297,sistranda,63.7256,8.834,-4.02,55,94,5.33,NO,1678225065
298,flinders,-34.5833,150.8552,21.7,69,0,0.89,AU,1678225134
299,mahebourg,-20.4081,57.7,25.16,88,75,3.09,MU,1678225134
300,bemidji,47.4736,-94.8803,-2.83,54,75,2.57,US,1678224874
301,huarmey,-10.0681,-78.1522,25.76,71,93,3.73,PE,1678225135
302,sorong,-0.8833,131.25,26.53,82,8,2.22,ID,1678225135
303,santa maria,-29.6842,-53.8069,29.61,58,40,2.06,BR,1678225135
304,stornoway,58.2093,-6.3865,-0.02,93,75,5.66,GB,1678225136
305,villa carlos paz,-31.4241,-64.4978,31.7,32,0,2.68,AR,1678225136
306,batagay-alyta,67.8006,130.4114,-36.46,93,26,2.37,RU,1678225137
307,chapais,49.7834,-74.8492,-7.12,93,100,5.33,CA,1678225137
308,kirakira,-10.4544,161.9205,28.16,76,100,0.32,SB,1678225137
309,ranau,5.9538,116.6641,18.95,97,21,0.14,MY,1678225138
310,masvingo,-20.0637,30.8277,16.1,79,1,2.5,ZW,1678225138
311,gamba,-2.65,10.0,26.55,81,99,2.1,GA,1678225139
312,puerto madryn,-42.7692,-65.0385,19.68,45,80,10.75,AR,1678225139
313,nome,64.5011,-165.4064,1.2,100,100,9.26,US,1678224873
314,comodoro rivadavia,-45.8667,-67.5,24.92,18,0,5.14,AR,1678225140
315,korla,41.7597,86.1469,7.49,50,1,1.02,CN,1678225075
316,rach gia,10.0167,105.0833,22.98,72,46,2.43,VN,1678225140
317,erie,42.7667,-78.6664,1.72,44,76,9.39,US,1678224860
318,guerrero negro,27.9769,-114.0611,16.59,59,31,9.95,MX,1678225140
319,deep river,46.1001,-77.4995,-2.81,75,100,6.71,CA,1678225141
320,bathsheba,13.2167,-59.5167,27.34,69,40,6.69,BB,1678225141
321,banepa,27.6298,85.5214,12.29,82,40,1.03,NP,1678225142
322,qasigiannguit,68.8193,-51.1922,1.14,63,16,4.8,GL,1678225142
323,seoul,37.5683,126.9778,6.76,87,40,3.6,KR,1678224922
324,charters towers,-20.1,146.2667,24.14,85,99,4.92,AU,1678225143
325,awbari,26.5921,12.7805,19.55,18,0,2.01,LY,1678225143
326,itubera,-13.7322,-39.1492,24.19,91,2,1.85,BR,1678225144
327,inirida,3.8653,-67.9239,26.64,86,98,1.05,CO,1678225144
328,rundu,-17.9333,19.7667,20.0,84,97,1.8,NA,1678224907
329,lata,40.1629,-8.3327,14.95,89,97,2.07,PT,1678225145
330,san quintin,30.4833,-115.95,14.73,61,92,9.74,MX,1678225067
331,arlit,18.7369,7.3853,28.64,11,46,4.29,NE,1678225145
332,general roca,-39.0333,-67.5833,30.35,23,38,3.18,AR,1678225146
333,palaikastron,35.2,26.25,14.36,67,96,3.21,GR,1678225146
334,hofn,64.2539,-15.2082,-4.97,65,11,13.51,IS,1678224905
335,farrukhnagar,17.0778,78.2011,19.84,40,0,3.09,IN,1678225147
336,cabra,37.4725,-4.4421,12.96,87,98,1.72,ES,1678225147
337,poum,-20.2333,164.0167,27.19,70,5,9.17,NC,1678225148
338,tilichiki,60.4667,166.1,-12.89,90,96,2.7,RU,1678225148
339,provideniya,64.3833,-173.3,-8.89,92,100,0.45,RU,1678225148
340,saldanha,-33.0117,17.9442,17.03,89,31,6.17,ZA,1678224897
341,mabaruma,8.2,-59.7833,22.97,95,97,2.14,GY,1678225045
342,port-gentil,-0.7193,8.7815,27.98,83,20,4.63,GA,1678225149
343,iranshahr,27.2025,60.6848,21.19,37,0,0.0,IR,1678225149
344,gornopravdinsk,60.05,69.9,-16.19,91,100,3.59,RU,1678225150
345,lokosovo,61.1333,74.8167,-27.48,99,78,2.69,RU,1678225150
346,linhares,-19.3911,-40.0722,24.5,87,55,2.29,BR,1678225151
347,alofi,-19.0595,-169.9187,24.94,22,75,3.09,NU,1678225087
348,goderich,43.7501,-81.7165,1.62,55,0,8.23,CA,1678225151
349,kumluca,36.3703,30.2869,12.77,79,83,1.87,TR,1678225152
350,misratah,32.3754,15.0925,15.83,69,4,4.97,LY,1678225152
351,zhanakorgan,43.9098,67.2495,10.16,71,100,7.81,KZ,1678225153
352,ahipara,-35.1667,173.1667,20.69,57,1,1.35,NZ,1678225153
353,talcahuano,-36.7167,-73.1167,15.82,88,100,3.6,CL,1678225154
354,taoudenni,22.6783,-3.9836,27.94,9,0,2.44,ML,1678225154
355,baile herculane,44.8797,22.4125,7.77,72,99,1.0,RO,1678225154
356,luwuk,-0.9516,122.7875,24.45,88,61,1.77,ID,1678225040
357,excelsior springs,39.3392,-94.2261,9.93,51,40,5.14,US,1678225155
358,portland,45.5234,-122.6762,9.96,70,75,1.54,US,1678224907
359,axim,4.8699,-2.2405,25.9,87,100,3.65,GH,1678225073
360,sulangan,11.1373,123.7228,25.75,83,8,8.8,PH,1678225156
361,olafsvik,64.8945,-23.7142,-6.01,67,100,15.52,IS,1678225156
362,chiang khong,20.2613,100.4046,17.87,59,0,0.67,TH,1678225156
363,point pedro,9.8167,80.2333,25.73,80,8,6.18,LK,1678225157
364,yulara,-25.2406,130.9889,18.0,37,0,5.45,AU,1678225157
365,kankon,15.0167,74.0167,27.89,36,0,2.61,IN,1678225158
366,den helder,52.9599,4.7593,2.99,69,20,5.81,NL,1678225158
367,honningsvag,70.9821,25.9704,-7.14,68,75,5.66,NO,1678225159
368,ilhabela,-23.7781,-45.3581,23.85,91,98,4.04,BR,1678225159
369,tourlaville,49.6383,-1.5664,5.68,100,75,3.09,FR,1678225159
370,tshikapa,-6.4167,20.8,20.99,89,100,0.62,CD,1678225160
371,tessalit,20.1986,1.0114,23.53,10,73,4.06,ML,1678225160
372,vaitape,-16.5167,-151.75,27.79,73,94,6.38,PF,1678224931
373,poopo,-18.3667,-66.9667,12.67,54,71,7.28,BO,1678225161
374,shelburne,44.0787,-80.2041,-0.56,54,4,9.81,CA,1678225161
375,dakar,14.6937,-17.4441,26.49,68,0,1.03,SN,1678225126
376,ouesso,1.6136,16.0517,24.59,66,86,1.71,CG,1678225162
377,mopipi,-21.1833,24.8833,26.51,47,0,6.7,BW,1678225162
378,susuman,62.7833,148.1667,-27.58,100,98,0.93,RU,1678225163
379,huanuni,-18.2667,-66.85,7.66,72,85,5.79,BO,1678225163
380,codrington,-38.2667,141.9667,12.36,63,100,5.21,AU,1678225164
381,deniliquin,-35.5333,144.9667,16.52,61,99,5.34,AU,1678225164
382,tura,25.5198,90.2201,18.92,19,0,1.33,IN,1678225165
383,katsuura,35.1333,140.3,13.3,64,0,3.55,JP,1678225165
384,dalvik,65.9702,-18.5286,-7.04,90,100,9.2,IS,1678225166
385,sept-iles,50.2001,-66.3821,1.14,92,100,2.06,CA,1678224932
386,takoradi,4.8845,-1.7554,25.91,88,97,4.3,GH,1678225166
387,billings,45.7833,-108.5007,1.27,72,40,3.13,US,1678224960
388,seka,17.9285,103.9552,19.6,68,0,1.23,TH,1678225167
389,xuddur,4.1213,43.8894,23.69,74,26,7.5,SO,1678225167
390,bratsk,56.1325,101.6142,-4.73,88,69,4.55,RU,1678225168
391,altoona,40.5187,-78.3947,6.56,40,0,3.13,US,1678225163
392,hanna,51.6334,-111.9018,-12.3,85,100,4.92,CA,1678225167
393,fairbanks,64.8378,-147.7164,2.0,78,100,0.0,US,1678224881
394,port lincoln,-34.7333,135.8667,17.47,74,96,7.75,AU,1678225169
395,terrace bay,48.7834,-87.1,-1.54,87,79,1.05,CA,1678225169
396,sao filipe,14.8961,-24.4956,23.51,72,0,2.26,CV,1678225169
397,nelson bay,-32.7167,152.15,24.44,67,3,3.58,AU,1678225170
398,sao joao da barra,-21.6403,-41.0511,28.05,85,34,8.13,BR,1678225170
399,sakaiminato,35.55,133.2333,10.96,87,75,1.03,JP,1678225171
400,shingu,33.7333,135.9833,9.12,50,0,2.15,JP,1678225171
401,nishihara,26.1842,127.7558,16.03,77,75,2.57,JP,1678225171
402,canico,32.6333,-16.85,19.84,80,20,1.54,PT,1678225172
403,shakawe,-18.3667,21.85,21.33,76,18,1.1,BW,1678225172
404,belance,16.1833,121.25,13.74,98,65,1.2,PH,1678225172
405,corinto,37.9407,22.9573,9.94,88,32,1.61,GR,1678225173
406,atambua,-9.1061,124.8925,22.6,86,99,0.38,ID,1678225173
407,dinanagar,32.15,75.4667,15.55,44,78,1.19,IN,1678225174
408,mumbwa,-14.9783,27.0619,18.38,93,82,2.13,ZM,1678225174
409,puerto asis,0.5133,-76.5007,29.02,67,94,1.42,CO,1678225174
410,caxito,-8.5785,13.6643,24.29,85,88,0.67,AO,1678225175
411,anloga,5.7947,0.8973,27.9,79,86,6.0,GH,1678225109
412,aksu,41.1231,80.2644,8.84,30,2,2.23,CN,1678225176
413,horadiz,39.4488,47.3353,5.43,93,84,2.86,AZ,1678225176
414,tanga,-5.0667,39.1,24.64,89,38,4.55,TZ,1678225176
415,homer,59.6425,-151.5483,1.93,69,0,2.68,US,1678225177
416,upata,8.0086,-62.3989,27.62,53,95,2.8,VE,1678225177
417,opuwo,-18.0607,13.84,20.0,39,20,2.97,NA,1678225178
418,caravelas,-17.7125,-39.2481,25.7,83,55,2.76,BR,1678224917
419,waipawa,-41.4122,175.5153,18.34,70,48,3.35,NZ,1678225178
420,yen bai,21.7,104.8667,19.5,89,97,0.63,VN,1678225179
421,berbera,10.4396,45.0143,25.15,77,5,3.16,SO,1678225179
422,vestmanna,62.1564,-7.1664,-2.49,64,40,6.17,FO,1678225179
423,port macquarie,-31.4333,152.9167,24.33,55,45,0.37,AU,1678225180
424,hasaki,35.7333,140.8333,2.22,61,0,3.55,JP,1678225180
425,burley,42.5357,-113.7928,0.72,65,100,4.63,US,1678225093
426,fairlie,55.756,-4.8556,-0.34,77,31,2.58,GB,1678225181
427,sturgis,41.7992,-85.4192,7.89,49,0,3.6,US,1678225053
428,becerril,9.7041,-73.2793,32.79,46,90,3.12,CO,1678225181
429,naze,28.3667,129.4833,11.51,68,11,2.19,JP,1678225182
430,karasjok,69.4719,25.5112,-23.32,100,93,0.88,NO,1678225182
431,oktyabrskiy,54.4815,53.471,-10.92,98,97,2.84,RU,1678225182
432,balkanabat,39.5108,54.3671,8.64,83,4,2.41,TM,1678225183
433,punta alta,-38.8759,-62.0736,20.83,71,46,7.05,AR,1678225183
434,hervey bay,-25.2986,152.8535,26.15,74,70,4.94,AU,1678225184
435,atar,20.5169,-13.0499,27.03,12,0,4.05,MR,1678225030
436,broome,42.2506,-75.833,0.39,69,100,9.77,US,1678225184
437,komsomolets,53.7453,62.0708,-10.74,89,13,4.16,KZ,1678225184
438,egvekinot,66.3167,-179.1667,-21.48,83,100,3.98,RU,1678225185
439,san andres,12.5847,-81.7006,29.01,61,20,6.17,CO,1678225185
440,bonthe,7.5264,-12.505,25.48,78,98,3.56,SL,1678225130
441,abu samrah,35.3029,37.1841,11.25,69,100,2.06,SY,1678225186
442,alyangula,-13.8483,136.4192,27.46,73,100,8.78,AU,1678225186
443,costinesti,43.95,28.6333,7.81,72,42,3.8,RO,1678225187
444,kloulklubed,7.0419,134.2556,24.28,79,33,5.39,PW,1678225187
445,saint-pierre,-21.3393,55.4781,24.95,78,0,2.06,RE,1678225187
446,anito,12.4497,125.2886,24.12,89,51,4.71,PH,1678225188
447,los llanos de aridane,28.6585,-17.9182,16.74,93,20,3.09,ES,1678225188
448,oranjemund,-28.55,16.4333,17.09,90,6,3.17,NA,1678225189
449,fredericton,45.9454,-66.6656,0.47,69,100,6.17,CA,1678225084
450,bukama,-9.2,25.85,21.37,96,99,1.17,CD,1678225189
451,zonguldak,41.25,31.8333,6.1,71,67,1.82,TR,1678225190
452,balsas,-7.5325,-46.0356,25.58,80,85,2.1,BR,1678224912
453,krasnokamensk,50.0979,118.0369,-16.89,99,69,1.53,RU,1678225190
454,mahon,39.8885,4.2658,13.31,88,20,4.63,ES,1678225190
455,yamethin,20.4333,96.15,21.79,36,9,2.08,MM,1678225191
456,cedar rapids,42.0083,-91.6441,8.72,57,20,7.72,US,1678225088
457,artesia,33.8658,-118.0831,19.32,52,0,6.17,US,1678225191
458,manokwari,-0.8667,134.0833,25.12,81,88,1.29,ID,1678225192
459,bokovskaya,49.229,41.8306,3.24,94,100,5.94,RU,1678225192
460,kedrovyy,56.1667,91.8167,-5.77,97,100,1.81,RU,1678225193
461,inuvik,68.3499,-133.7218,-17.52,62,20,4.63,CA,1678225193
462,sretensk,52.2453,117.7093,-14.05,96,100,0.84,RU,1678225193
463,koforidua,6.0941,-0.2591,26.83,78,92,1.9,GH,1678225194
464,culpeper,38.5004,-77.9664,12.84,26,0,6.69,US,1678225194
465,ozernovskiy,51.5,156.5167,0.64,88,100,5.43,RU,1678225194
466,belmonte,-15.8631,-38.8828,25.95,83,18,3.22,BR,1678225195
467,burgeo,47.6167,-57.6152,1.77,96,100,6.66,CA,1678225195
468,port pirie,-33.1833,138.0167,18.4,63,56,5.99,AU,1678225195
469,scarborough,54.2797,-0.4044,-0.75,83,55,2.29,GB,1678225196
470,kodinsk,58.6881,99.1844,-4.96,91,100,4.19,RU,1678225196
471,effingham,32.3669,-81.3332,29.25,44,2,3.59,US,1678225196
472,hatsukaichi,34.35,132.3333,6.97,71,0,1.06,JP,1678225197
473,rocha,-34.4833,-54.3333,23.75,80,76,3.07,UY,1678225046
474,yorosso,12.3536,-4.7761,28.51,13,96,3.94,ML,1678225197
475,san gabriel,34.0961,-118.1058,18.98,46,20,3.09,US,1678225197
476,iquique,-20.2208,-70.1431,26.02,72,8,2.95,CL,1678225026
477,ugoofaaru,5.6667,73.0,27.09,78,8,6.09,MV,1678225198
478,mandalgovi,45.7625,106.2708,-0.66,59,78,5.45,MN,1678225198
479,pacific grove,36.6177,-121.9166,12.91,55,0,2.68,US,1678225198
480,abu kamal,34.4506,40.9171,16.3,38,100,1.9,SY,1678225199
481,tecpan,14.7623,-90.9947,22.16,63,100,2.51,GT,1678224920
482,ayabe,35.3,135.25,9.41,72,0,2.1,JP,1678225199
483,okhotsk,59.3833,143.3,-24.02,88,100,2.94,RU,1678225200
484,severo-yeniseyskiy,60.3725,93.0408,-13.02,96,95,2.9,RU,1678225200
485,kiruna,67.8557,20.2251,-21.49,84,100,1.03,SE,1678225201
486,rupert,42.6191,-113.6772,-0.03,59,100,4.63,US,1678225201
487,galesong,-5.3166,119.3661,24.01,84,98,2.46,ID,1678225202
488,ambilobe,-13.2,49.05,23.44,87,81,1.35,MG,1678225120
489,ust-tarka,55.5672,75.705,-4.51,95,100,7.98,RU,1678225203
490,winnemucca,40.973,-117.7357,4.03,48,75,7.72,US,1678225204
491,maarianhamina,60.0973,19.9348,-1.77,93,100,7.2,AX,1678225204
492,ivangorod,59.3716,28.2162,-5.31,89,100,4.3,RU,1678225205
493,abnub,27.2696,31.1511,15.12,32,0,3.6,EG,1678225205
494,talnakh,69.4865,88.3972,-29.89,94,96,0.94,RU,1678225206
495,ciudad bolivar,8.1222,-63.5497,32.89,37,95,5.67,VE,1678225206
496,umea,63.8284,20.2597,-7.27,86,100,3.6,SE,1678225207
497,logon,11.3303,124.1146,25.23,84,5,6.45,PH,1678225207
498,vila do maio,15.1333,-23.2167,25.44,79,0,4.73,CV,1678225208
499,utevka,52.9035,50.9495,-10.99,97,71,2.74,RU,1678225208
500,suhbaatar,50.2314,106.2078,-11.83,93,56,1.48,MN,1678225209
501,van,38.4924,43.3831,-1.36,86,40,1.03,TR,1678225209
502,santa fe,-31.6333,-60.7,34.45,41,100,3.13,AR,1678224956
503,dawson creek,55.7666,-120.2362,-14.2,78,40,3.6,CA,1678225153
504,rio gallegos,-51.6226,-69.2181,20.03,18,40,13.38,AR,1678225210
505,pula,44.8683,13.8481,12.31,76,0,3.09,HR,1678225211
506,manzanillo,20.3433,-77.1167,29.56,47,12,5.77,CU,1678225211
507,kyra,49.5776,111.9753,-5.14,70,100,1.1,RU,1678225212
508,geelong,-38.1471,144.3607,11.23,90,100,3.6,AU,1678225212
509,rio grande,-32.035,-52.0986,27.06,88,3,3.82,BR,1678225213
510,pangody,65.85,74.4859,-18.81,94,100,8.04,RU,1678225214
511,mims,28.6653,-80.8448,31.77,53,40,5.14,US,1678225214
512,otjiwarongo,-20.4637,16.6477,18.95,23,100,2.78,NA,1678225214
513,north bend,43.4065,-124.2243,5.95,92,75,6.17,US,1678225215
514,northam,51.0333,-4.2167,4.03,83,100,6.97,GB,1678225215
515,litovko,49.2361,135.1742,-13.57,96,97,1.75,RU,1678225216
516,tugulym,57.0591,64.6425,-3.96,97,70,3.04,RU,1678225216
517,vestmannaeyjar,63.4427,-20.2734,-5.23,56,27,8.14,IS,1678225217
518,leh,34.1667,77.5833,-16.78,70,16,1.37,IN,1678225217
519,koygorodok,60.445,50.9968,-14.79,99,100,1.32,RU,1678225218
520,dudinka,69.4058,86.1778,-29.66,94,100,4.87,RU,1678225218
521,vagay,57.9375,69.0217,-5.43,97,100,1.25,RU,1678225219
522,sri aman,1.2376,111.4621,25.03,100,90,0.0,MY,1678225219
523,garoua,9.3,13.4,30.69,11,42,1.63,CM,1678225220
524,boa vista,2.8197,-60.6733,29.99,54,75,6.17,BR,1678225220
525,baherden,38.4362,57.4316,11.95,77,76,1.27,TM,1678225221
526,grand gaube,-20.0064,57.6608,25.22,89,68,6.84,MU,1678225221
527,rosario,-32.9468,-60.6393,33.3,42,0,3.6,AR,1678224981
528,cleveland,41.4995,-81.6954,4.27,61,0,7.72,US,1678225116
529,causapscal,48.3542,-67.227,1.33,96,100,1.95,CA,1678225222
530,phan thiet,10.9333,108.1,20.73,79,85,2.54,VN,1678225222
531,antsohihy,-14.8796,47.9875,22.38,92,60,0.59,MG,1678225223
532,tadine,-21.55,167.8833,26.04,58,44,5.09,NC,1678225223
533,serenje,-13.2325,30.2352,16.89,98,56,1.55,ZM,1678225224
534,zalantun,48.0,122.7167,-6.52,87,8,1.58,CN,1678225224
535,krasnoarmeysk,51.0239,45.6969,0.0,98,100,6.41,RU,1678225225
536,ilulissat,69.2167,-51.1,1.01,34,32,20.06,GL,1678225225
537,starkville,33.4504,-88.8184,27.81,59,35,3.0,US,1678225097
538,todos santos,23.45,-110.2167,20.37,76,100,4.04,MX,1678225226
539,lucapa,-8.4192,20.7447,18.64,98,100,1.4,AO,1678225226
540,asau,46.4333,26.4,1.51,82,100,3.2,RO,1678225227
541,atherton,53.5237,-2.4935,0.24,77,0,0.71,GB,1678225227
542,vila franca do campo,37.7167,-25.4333,16.23,90,54,8.3,PT,1678225227
543,svetlogorsk,52.6333,29.7333,-1.16,81,96,4.8,BY,1678225228
544,kuching,1.55,110.3333,26.68,93,20,0.51,MY,1678225228
545,halifax,44.6453,-63.5724,1.49,77,100,5.14,CA,1678225009
546,kaduqli,11.0167,29.7167,31.36,22,100,3.59,SD,1678225229
547,byron bay,-28.65,153.6167,24.97,71,99,6.47,AU,1678224969
548,schattdorf,46.8655,8.6547,5.66,92,98,1.39,CH,1678225230
549,yongan,39.6957,113.6871,3.16,61,5,1.25,CN,1678225230
550,shache,38.4167,77.2406,11.51,35,0,2.86,CN,1678225231
551,boueni,-12.9025,45.0761,27.99,71,97,5.36,YT,1678225231
552,neuquen,-38.9516,-68.0591,29.94,30,0,3.09,AR,1678225029
553,padang,-0.9492,100.3543,24.03,85,45,1.97,ID,1678225232
554,roma,43.2128,-75.4557,-0.63,64,100,8.23,US,1678225185
555,trairi,-3.2778,-39.2689,26.25,81,44,4.14,BR,1678225090
556,caucasia,7.9865,-75.1935,28.64,70,99,3.07,CO,1678225233
557,matay,28.419,30.7792,14.69,56,0,5.29,EG,1678225234
558,hualmay,-11.0964,-77.6139,25.34,70,100,3.04,PE,1678225065
559,jiazi,22.8779,116.067,16.28,87,6,2.53,CN,1678225234
560,voh,-20.9667,164.7,27.39,66,13,2.71,NC,1678225235
561,saravan,39.7196,45.6483,0.32,65,75,2.77,AM,1678225235
562,tabou,4.423,-7.3528,27.03,85,99,3.94,CI,1678225236
563,sakakah,29.9697,40.2064,17.76,49,38,4.38,SA,1678225236
564,laguna,38.421,-121.4238,13.95,50,75,4.12,US,1678225237
565,adrar,20.5022,-10.0711,24.45,10,0,4.96,MR,1678225013
